<?xml version="1.0" encoding="UTF-8"?>
<project-private xmlns="http://www.netbeans.org/ns/project-private/1">
    <editor-bookmarks xmlns="http://www.netbeans.org/ns/editor-bookmarks/2" lastBookmarkId="0"/>
    <open-files xmlns="http://www.netbeans.org/ns/projectui-open-files/2">
        <group>
            <file>file:/home/bluohazard/NetBeansProjects/Laundry-PBO/src/dao/JenisLaundryDao.java</file>
            <file>file:/home/bluohazard/NetBeansProjects/Laundry-PBO/src/form/FormAddJenisPakaian.java</file>
            <file>file:/home/bluohazard/NetBeansProjects/Laundry-PBO/src/entity/JenisLaundry.java</file>
            <file>file:/home/bluohazard/NetBeansProjects/Laundry-PBO/src/dao/CustomerDao.java</file>
            <file>file:/home/bluohazard/NetBeansProjects/Laundry-PBO/src/form/FormMenuCustomer.java</file>
            <file>file:/home/bluohazard/NetBeansProjects/Laundry-PBO/src/lib/ManajerKoneksi.java</file>
            <file>file:/home/bluohazard/NetBeansProjects/Laundry-PBO/src/form/FormMenuAdmin.java</file>
            <file>file:/home/bluohazard/NetBeansProjects/Laundry-PBO/src/form/FormDataJenisLaundry.java</file>
            <file>file:/home/bluohazard/NetBeansProjects/Laundry-PBO/src/form/FormDataCustomer.java</file>
            <file>file:/home/bluohazard/NetBeansProjects/Laundry-PBO/src/dao/UserDao.java</file>
            <file>file:/home/bluohazard/NetBeansProjects/Laundry-PBO/src/form/FormAddCustomer.java</file>
            <file>file:/home/bluohazard/NetBeansProjects/Laundry-PBO/src/form/FormAddJenisLaundry.java</file>
            <file>file:/home/bluohazard/NetBeansProjects/Laundry-PBO/src/form/FormLaundryCustomer.java</file>
            <file>file:/home/bluohazard/NetBeansProjects/Laundry-PBO/src/form/FormDataJenisPakaian.java</file>
            <file>file:/home/bluohazard/NetBeansProjects/Laundry-PBO/src/dao/JenisPakaianDao.java</file>
            <file>file:/home/bluohazard/NetBeansProjects/Laundry-PBO/src/entity/Transaksi.java</file>
            <file>file:/home/bluohazard/NetBeansProjects/Laundry-PBO/src/dao/TransaksiDao.java</file>
            <file>file:/home/bluohazard/NetBeansProjects/Laundry-PBO/src/main/main.java</file>
            <file>file:/home/bluohazard/NetBeansProjects/Laundry-PBO/src/entity/Customer.java</file>
            <file>file:/home/bluohazard/NetBeansProjects/Laundry-PBO/src/form/FormTransaksi.java</file>
            <file>file:/home/bluohazard/NetBeansProjects/Laundry-PBO/src/icon/icons8-add-user-male-64.png</file>
            <file>file:/home/bluohazard/NetBeansProjects/Laundry-PBO/src/interfacee/IUser.java</file>
            <file>file:/home/bluohazard/NetBeansProjects/Laundry-PBO/src/form/FormLogin.java</file>
            <file>file:/home/bluohazard/NetBeansProjects/Laundry-PBO/src/entity/User.java</file>
            <file>file:/home/bluohazard/NetBeansProjects/Laundry-PBO/src/entity/JenisPakaian.java</file>
            <file>file:/home/bluohazard/NetBeansProjects/Laundry-PBO/src/form/FormRiwayatTransaksi.java</file>
        </group>
    </open-files>
</project-private>
